﻿Honda Fit,2020,20,140,Unavailable,Compact
Volkswagen GTI,2020,20,140,Available,Compact
Mazda 3,2020,20,140,Unavailable,Compact
Mini Cooper,2020,20,140,Unavailable,Compact
Kia Optima,2020,25,175,Available,Medium
Toyota Camry,2020,25,175,Unavailable,Medium
Honda Accord,2020,25,175,Unavailable,Medium
Mazda 6,2020,25,175,Available,Medium
Kia Cadenza,2019,30,210,Unavailable,Large
Toyota Avalon,2020,30,210,Available,Large
Dodge Charger,2020,30,210,Available,Large
Chrysler 300,2020,30,210,Unavailable,Large
Honda CR-V,2020,35,245,Available,SUV
Toyota RAV4,2020,35,245,Unavailable,SUV
Ford Explorer,2020,35,245,Available,SUV
Toyota Highlander,2020,35,245,Unavailable,SUV
Ford F-150,2020,45,315,Available,Truck
Toyota Tacoma,2020,45,315,Available,Truck
Chevrolet Express,2020,50,350,Unavailable,Van
GMC Savana,2020,50,350,Available,Van
